{
    "icon": "fa fa-search",
    "preview_image": "http://masudr.com/rafiq/wp/wp-content/plugins/directorist/public/assets/images/grid.jpg",
    "import_export": "",
    "default_expiration": "30",
    "new_listing_status": "pending",
    "edit_listing_status": "pending",
    "global_listing_type": "0",
    "submission_form_fields": "{\"fields\":{\"title\":{\"widget_group\":\"preset\",\"widget_name\":\"title\",\"type\":\"text\",\"field_key\":\"listing_title\",\"required\":true,\"label\":\"Title\",\"placeholder\":\"\"},\"description\":{\"type\":\"wp_editor\",\"field_key\":\"listing_content\",\"label\":\"Description\",\"placeholder\":\"\",\"required\":false,\"only_for_admin\":false,\"widget_name\":\"description\",\"widget_group\":\"preset\"},\"date\":{\"type\":\"date\",\"label\":\"Needed on\",\"field_key\":\"needed\",\"placeholder\":\"\",\"description\":\"\",\"required\":false,\"only_for_admin\":false,\"assign_to\":\"form\",\"category\":\"\",\"widget_name\":\"date\",\"widget_group\":\"custom\"},\"location\":{\"field_key\":\"tax_input[at_biz_dir-location][]\",\"label\":\"Location\",\"type\":\"multiple\",\"create_new_loc\":false,\"max_location_creation\":\"0\",\"placeholder\":\"\",\"required\":false,\"only_for_admin\":false,\"widget_name\":\"location\",\"widget_group\":\"preset\"},\"tag\":{\"field_key\":\"tax_input[at_biz_dir-tags][]\",\"label\":\"Tag\",\"placeholder\":\"Tag\",\"type\":\"multiple\",\"required\":false,\"allow_new\":true,\"only_for_admin\":false,\"widget_name\":\"tag\",\"widget_group\":\"preset\"},\"category\":{\"field_key\":\"admin_category_select[]\",\"label\":\"Category\",\"type\":\"multiple\",\"placeholder\":\"\",\"required\":false,\"only_for_admin\":false,\"widget_name\":\"category\",\"widget_group\":\"preset\"},\"textarea\":{\"type\":\"textarea\",\"label\":\"Requirments\",\"field_key\":\"requirments\",\"rows\":8,\"placeholder\":\"\",\"description\":\"\",\"required\":false,\"only_for_admin\":false,\"assign_to\":\"form\",\"category\":\"\",\"widget_name\":\"textarea\",\"widget_group\":\"custom\"},\"address\":{\"type\":\"text\",\"field_key\":\"address\",\"label\":\"Address\",\"placeholder\":\"Listing address eg. New York, USA\",\"required\":false,\"only_for_admin\":false,\"widget_name\":\"address\",\"widget_group\":\"preset\"},\"map\":{\"type\":\"map\",\"field_key\":\"map\",\"label\":\"Map\",\"lat_long\":\"Or Enter Coordinates (latitude and longitude) Manually\",\"required\":false,\"only_for_admin\":false,\"widget_name\":\"map\",\"widget_group\":\"preset\"},\"checkbox\":{\"type\":\"checkbox\",\"label\":\"Set a budget\",\"field_key\":\"\",\"options\":[{\"option_value\":\"hourly\",\"option_label\":\"Is hourly?\"}],\"description\":\"\",\"required\":false,\"only_for_admin\":false,\"assign_to\":\"form\",\"category\":\"\",\"widget_name\":\"checkbox\",\"widget_group\":\"custom\"},\"text\":{\"type\":\"text\",\"label\":\"Budget\",\"field_key\":\"total_budget\",\"placeholder\":\"200\",\"description\":\"\",\"required\":false,\"only_for_admin\":false,\"assign_to\":\"form\",\"category\":\"\",\"widget_name\":\"text\",\"widget_group\":\"custom\"}},\"groups\":[{\"label\":\"General Section\",\"lock\":true,\"fields\":[\"title\",\"description\",\"date\",\"checkbox\",\"text\",\"location\",\"tag\",\"category\",\"textarea\"],\"plans\":[],\"type\":\"general_group\"},{\"label\":\"Location\",\"fields\":[\"address\",\"map\"],\"type\":\"general_group\"}]}",
    "preview_mode": true,
    "submit_button_label": "Submit your Need",
    "listing_terms_condition": true,
    "require_terms_conditions": true,
    "terms_label": "I agree with all %terms & conditions%",
    "listing_privacy": true,
    "require_privacy": true,
    "privacy_label": "I agree to the %Privacy & Policy%",
    "single_listings_contents": "{\"fields\":{\"address\":{\"icon\":\"la la-map\",\"address_link_with_map\":false,\"widget_name\":\"address\",\"widget_group\":\"preset_widgets\"},\"date\":{\"icon\":\"la la-calendar\",\"widget_name\":\"date\",\"widget_group\":\"preset_widgets\"},\"textarea\":{\"icon\":\"la la-align-center\",\"widget_name\":\"textarea\",\"widget_group\":\"preset_widgets\"},\"map\":{\"icon\":\"la la-map\",\"widget_name\":\"map\",\"widget_group\":\"preset_widgets\"},\"text\":{\"icon\":\"la la-text-height\",\"widget_name\":\"text\",\"widget_group\":\"preset_widgets\"}},\"groups\":[{\"label\":\"General\",\"fields\":[\"address\",\"date\",\"text\",\"textarea\"],\"type\":\"general_group\",\"icon\":\"\",\"custom_block_id\":\"\",\"custom_block_classes\":\"\"},{\"label\":\"Location\",\"fields\":[\"map\"],\"type\":\"general_group\",\"icon\":\"\",\"custom_block_id\":\"\",\"custom_block_classes\":\"\"},{\"label\":\"Contact Listings Owner Form\",\"fields\":[],\"type\":\"widget_group\",\"widget_group\":\"other_widgets\",\"widget_name\":\"contact_listings_owner\",\"icon\":\"la la-phone\",\"custom_block_id\":\"\",\"custom_block_classes\":\"\"}]}",
    "enable_similar_listings": true,
    "similar_listings_title": "Similar Listings",
    "similar_listings_logics": "OR",
    "similar_listings_number_of_listings_to_show": "0",
    "similar_listings_number_of_columns": "3",
    "search_form_fields": "{\"fields\":{\"title\":{\"required\":false,\"label\":\"\",\"placeholder\":\"What are you looking for?\",\"widget_name\":\"title\",\"widget_group\":\"available_widgets\"},\"category\":{\"required\":false,\"label\":\"\",\"placeholder\":\"Category\",\"widget_name\":\"category\",\"widget_group\":\"available_widgets\"},\"location\":{\"required\":false,\"label\":\"\",\"placeholder\":\"Location\",\"location_source\":\"from_map_api\",\"widget_name\":\"location\",\"widget_group\":\"available_widgets\"},\"date\":{\"label\":\"Needed on\",\"placeholder\":\"Date\",\"required\":false,\"widget_name\":\"date\",\"widget_group\":\"available_widgets\"},\"tag\":{\"label\":\"Tag\",\"tags_filter_source\":\"all_tags\",\"widget_name\":\"tag\",\"widget_group\":\"available_widgets\"},\"textarea\":{\"label\":\"Requirments\",\"field_key\":\"requirments\",\"placeholder\":\"Textarea\",\"required\":false,\"widget_name\":\"textarea\",\"widget_group\":\"available_widgets\"}},\"groups\":[{\"label\":\"Basic\",\"lock\":true,\"draggable\":false,\"fields\":[\"title\",\"category\",\"location\"],\"type\":\"general_group\"},{\"label\":\"Advanced\",\"lock\":true,\"draggable\":false,\"fields\":[\"date\",\"tag\",\"textarea\"],\"type\":\"general_group\"}]}",
    "single_listing_header": "{\"listings_header\":{\"quick_actions\":[{\"type\":\"button\",\"label\":\"Bookmark\",\"widget_name\":\"bookmark\",\"widget_key\":\"bookmark\"},{\"type\":\"badge\",\"label\":\"Share\",\"widget_name\":\"share\",\"widget_key\":\"share\",\"icon\":\"la la-share\"},{\"type\":\"badge\",\"label\":\"Report\",\"widget_name\":\"report\",\"widget_key\":\"report\",\"icon\":\"la la-flag\"}],\"thumbnail\":[],\"quick_info\":[{\"type\":\"badge\",\"label\":\"Listings Price\",\"widget_name\":\"price\",\"widget_key\":\"price\"},{\"type\":\"badge\",\"label\":\"Badges\",\"widget_name\":\"badges\",\"widget_key\":\"badges\",\"new_badge\":true,\"popular_badge\":true,\"featured_badge\":true},{\"type\":\"reviews\",\"label\":\"Listings Reviews\",\"widget_name\":\"reviews\",\"widget_key\":\"reviews\"},{\"type\":\"ratings-count\",\"label\":\"Listings Ratings\",\"widget_name\":\"ratings_count\",\"widget_key\":\"ratings_count\"},{\"type\":\"badge\",\"label\":\"Location\",\"widget_name\":\"location\",\"widget_key\":\"location\"}]},\"options\":{\"general\":{\"back\":{\"label\":true},\"section_title\":{\"label\":\"Section Title\",\"icon\":\"\"}},\"content_settings\":{\"listing_title\":{\"enable_title\":true,\"enable_tagline\":true},\"listing_description\":{\"enable\":true}}}}",
    "listings_card_grid_view": "{\"active_template\":\"grid_view_without_thumbnail\",\"template_data\":{\"grid_view_with_thumbnail\":{\"thumbnail\":{\"top_right\":[],\"top_left\":[],\"bottom_right\":[],\"bottom_left\":[],\"avatar\":[]},\"body\":{\"top\":[],\"bottom\":[],\"excerpt\":[]},\"footer\":{\"right\":[],\"left\":[]}},\"grid_view_without_thumbnail\":{\"body\":{\"avatar\":[{\"type\":\"avatar\",\"label\":\"User Avatar\",\"hook\":\"atbdp_user_avatar\",\"can_move\":false,\"widget_name\":\"user_avatar\",\"widget_key\":\"user_avatar\",\"align\":\"center\"}],\"title\":[{\"type\":\"title\",\"label\":\"Title\",\"hook\":\"atbdp_listing_title\",\"widget_name\":\"listing_title\",\"widget_key\":\"listing_title\",\"show_tagline\":false}],\"quick_actions\":[{\"type\":\"icon\",\"label\":\"Favorite\",\"hook\":\"atbdp_favorite_badge\",\"widget_name\":\"favorite_badge\",\"widget_key\":\"favorite_badge\"}],\"quick_info\":[],\"bottom\":[{\"type\":\"list-item\",\"label\":\"Needed on\",\"hook\":\"atbdp_custom_date\",\"widget_name\":\"date\",\"widget_key\":\"date\",\"icon\":\"la la-calendar-check-o\",\"show_label\":true},{\"type\":\"list-item\",\"label\":\"Address\",\"hook\":\"atbdp_listings_map_address\",\"widget_name\":\"address\",\"widget_key\":\"address\",\"icon\":\"la la-map-marker\",\"show_label\":false},{\"type\":\"list-item\",\"label\":\"Posted Date\",\"hook\":\"atbdp_listings_posted_date\",\"widget_name\":\"posted_date\",\"widget_key\":\"posted_date\",\"icon\":\"la la-clock-o\",\"date_type\":\"post_date\"}],\"excerpt\":[]},\"footer\":{\"right\":[{\"type\":\"list-item\",\"label\":\"Budget\",\"hook\":\"atbdp_custom_text\",\"widget_name\":\"text\",\"widget_key\":\"text\",\"icon\":\"\",\"show_label\":true}],\"left\":[{\"type\":\"category\",\"label\":\"Category\",\"hook\":\"atbdp_category\",\"widget_name\":\"category\",\"widget_key\":\"category\",\"icon\":\"fa fa-folder\"}]}}}}",
    "listings_card_list_view": "{\"active_template\":\"list_view_without_thumbnail\",\"template_data\":{\"list_view_with_thumbnail\":{\"thumbnail\":{\"top_right\":[]},\"body\":{\"top\":[{\"type\":\"title\",\"label\":\"Title\",\"hook\":\"atbdp_listing_title\",\"widget_name\":\"listing_title\",\"widget_key\":\"listing_title\",\"show_tagline\":false}],\"right\":[{\"type\":\"icon\",\"label\":\"Favorite\",\"hook\":\"atbdp_favorite_badge\",\"widget_name\":\"favorite_badge\",\"widget_key\":\"favorite_badge\"}],\"bottom\":[{\"type\":\"list-item\",\"label\":\"Needed on\",\"hook\":\"atbdp_custom_date\",\"widget_name\":\"date\",\"widget_key\":\"date\",\"icon\":\"uil uil-text-fields\"},{\"type\":\"list-item\",\"label\":\"Address\",\"hook\":\"atbdp_listings_map_address\",\"widget_name\":\"address\",\"widget_key\":\"address\",\"icon\":\"la la-map-marker\"},{\"type\":\"list-item\",\"label\":\"Posted Date\",\"hook\":\"atbdp_listings_posted_date\",\"widget_name\":\"posted_date\",\"widget_key\":\"posted_date\",\"icon\":\"la la-clock-o\",\"date_type\":\"post_date\"}],\"excerpt\":[]},\"footer\":{\"right\":[{\"type\":\"avatar\",\"label\":\"User Avatar\",\"hook\":\"atbdp_user_avatar\",\"can_move\":false,\"widget_name\":\"user_avatar\",\"widget_key\":\"user_avatar\",\"align\":\"center\"},{\"type\":\"list-item\",\"label\":\"Budget\",\"hook\":\"atbdp_custom_text\",\"widget_name\":\"text\",\"widget_key\":\"text\",\"icon\":\"uil uil-text-fields\"}],\"left\":[{\"type\":\"category\",\"label\":\"Category\",\"hook\":\"atbdp_category\",\"widget_name\":\"category\",\"widget_key\":\"category\",\"icon\":\"fa fa-folder\"}]}},\"list_view_without_thumbnail\":{\"body\":{\"top\":[{\"type\":\"title\",\"label\":\"Title\",\"hook\":\"atbdp_listing_title\",\"widget_name\":\"listing_title\",\"widget_key\":\"listing_title\",\"show_tagline\":false}],\"right\":[{\"type\":\"icon\",\"label\":\"Favorite\",\"hook\":\"atbdp_favorite_badge\",\"widget_name\":\"favorite_badge\",\"widget_key\":\"favorite_badge\"}],\"bottom\":[{\"type\":\"list-item\",\"label\":\"Needed on\",\"hook\":\"atbdp_custom_date\",\"widget_name\":\"date\",\"widget_key\":\"date\",\"icon\":\"uil uil-text-fields\",\"show_label\":false},{\"type\":\"list-item\",\"label\":\"Address\",\"hook\":\"atbdp_listings_map_address\",\"widget_name\":\"address\",\"widget_key\":\"address\",\"icon\":\"la la-map-marker\",\"show_label\":false},{\"type\":\"list-item\",\"label\":\"Posted Date\",\"hook\":\"atbdp_listings_posted_date\",\"widget_name\":\"posted_date\",\"widget_key\":\"posted_date\",\"icon\":\"la la-clock-o\",\"date_type\":\"post_date\"}],\"excerpt\":[]},\"footer\":{\"right\":[{\"type\":\"avatar\",\"label\":\"User Avatar\",\"hook\":\"atbdp_user_avatar\",\"can_move\":false,\"widget_name\":\"user_avatar\",\"widget_key\":\"user_avatar\",\"align\":\"center\"},{\"type\":\"list-item\",\"label\":\"Budget\",\"hook\":\"atbdp_custom_text\",\"widget_name\":\"text\",\"widget_key\":\"text\",\"icon\":\"uil uil-text-fields\",\"show_label\":false}],\"left\":[{\"type\":\"category\",\"label\":\"Category\",\"hook\":\"atbdp_category\",\"widget_name\":\"category\",\"widget_key\":\"category\",\"icon\":\"fa fa-folder\"}]}}}}"
}