{"icon":"las la-chart-bar","preview_image":"","import_export":"","default_expiration":"365","new_listing_status":"publish","edit_listing_status":"publish","global_listing_type":"0","submission_form_fields":{"fields":{"title":{"widget_group":"preset","widget_name":"title","type":"text","field_key":"listing_title","required":true,"label":"Title","placeholder":"","widget_key":"title"},"tag":{"field_key":"tax_input[at_biz_dir-tags][]","label":"Tag","placeholder":"","type":"multiple","required":false,"allow_new":true,"only_for_admin":false,"widget_name":"tag","widget_group":"preset","widget_key":"tag"},"category":{"field_key":"admin_category_select[]","label":"Category","type":"multiple","placeholder":"","required":false,"only_for_admin":false,"widget_name":"category","widget_group":"preset","widget_key":"category","create_new_cat":false},"pricing":{"field_key":"pricing","label":"","pricing_type":"both","price_range_label":"Price Range","price_range_placeholder":"Select Price Range","price_unit_field_type":"number","price_unit_field_label":"Price [USD]","price_unit_field_placeholder":"Eg. 100","only_for_admin":false,"modules":{"price_unit":{"label":"Price Unit","type":"text","field_key":"price_unit"},"price_range":{"label":"Price Range","type":"text","field_key":"price_range"}},"widget_group":"preset","widget_name":"pricing","widget_key":"pricing"},"email":{"type":"email","field_key":"email","label":"Email","placeholder":"demo@example.com","required":false,"only_for_admin":false,"widget_group":"preset","widget_name":"email","widget_key":"email"},"phone":{"type":"tel","field_key":"phone","label":"Phone","placeholder":"Phone number","required":false,"only_for_admin":false,"widget_group":"preset","widget_name":"phone","widget_key":"phone","whatsapp":false},"website":{"type":"text","field_key":"website","label":"Website","placeholder":"https://example.com","required":false,"only_for_admin":false,"widget_group":"preset","widget_name":"website","widget_key":"website"},"location":{"field_key":"tax_input[at_biz_dir-location][]","label":"Location","type":"multiple","create_new_loc":false,"max_location_creation":"0","placeholder":"","required":false,"only_for_admin":false,"widget_group":"preset","widget_name":"location","widget_key":"location"},"address":{"type":"text","field_key":"address","label":"Address","placeholder":"Listing address eg. New York, USA","required":false,"only_for_admin":false,"widget_group":"preset","widget_name":"address","widget_key":"address"},"map":{"type":"map","field_key":"map","label":"Map","lat_long":"Or Enter Coordinates (latitude and longitude) Manually","required":"","only_for_admin":false,"widget_group":"preset","widget_name":"map","widget_key":"map"},"image_upload":{"type":"media","field_key":"listing_img","label":"Images","required":false,"select_files_label":"Select Files","max_image_limit":"5","max_per_image_limit":"0","max_total_image_limit":"2","only_for_admin":false,"widget_group":"preset","widget_name":"image_upload","widget_key":"image_upload"},"video":{"type":"text","field_key":"videourl","label":"Video (Optional)","placeholder":"Only YouTube &amp; Vimeo URLs.","required":false,"only_for_admin":false,"widget_group":"preset","widget_name":"video","widget_key":"video"},"textarea":{"type":"textarea","field_key":"custom-textarea","label":"","description":"","placeholder":"","rows":"8","required":false,"only_for_admin":false,"assign_to":false,"category":"","widget_group":"custom","widget_name":"textarea","widget_key":"textarea"},"description":{"type":"wp_editor","field_key":"listing_content","label":"Description","placeholder":"","required":false,"only_for_admin":false,"widget_group":"preset","widget_name":"description","widget_key":"description"}},"groups":[{"type":"general_group","label":"General Information","fields":["title","description","category","tag"],"defaultGroupLabel":"Section","disableTrashIfGroupHasWidgets":[{"widget_name":"title","widget_group":"preset"}],"icon":"las la-pen-nib"},{"type":"general_group","label":"Pricing","fields":["pricing"],"defaultGroupLabel":"Section","disableTrashIfGroupHasWidgets":[{"widget_name":"title","widget_group":"preset"}],"icon":"las la-money-bill-alt"},{"type":"general_group","label":"Features","fields":["textarea"],"defaultGroupLabel":"Section","disableTrashIfGroupHasWidgets":[{"widget_name":"title","widget_group":"preset"}],"icon":"las la-check-double"},{"type":"general_group","label":"Contact Info","fields":["email","phone","website"],"defaultGroupLabel":"Section","disableTrashIfGroupHasWidgets":[{"widget_name":"title","widget_group":"preset"}],"icon":"las la-phone"},{"type":"general_group","label":"Location","fields":["location","address","map"],"defaultGroupLabel":"Section","disableTrashIfGroupHasWidgets":[{"widget_name":"title","widget_group":"preset"}],"icon":"las la-map-marked-alt"},{"type":"general_group","label":"Media","fields":["image_upload","video"],"defaultGroupLabel":"Section","disableTrashIfGroupHasWidgets":[{"widget_name":"title","widget_group":"preset"}],"icon":"las la-images"}]},"enable_sidebar":"1","preview_mode":true,"submit_button_label_old":"Save &amp; Preview","submit_button_label":"Save &amp; Preview","single_listings_contents":{"fields":{"video":{"icon":"","widget_group":"preset_widgets","widget_name":"video","original_widget_key":"video","widget_key":"video"},"map":{"icon":"","widget_group":"preset_widgets","widget_name":"map","original_widget_key":"map","widget_key":"map"},"textarea":{"icon":"","widget_group":"preset_widgets","widget_name":"textarea","original_widget_key":"textarea","widget_key":"textarea"},"description":{"icon":"las la-tag","widget_group":"preset_widgets","widget_name":"description","original_widget_key":"description","widget_key":"description"}},"groups":[{"type":"general_group","label":"Description","fields":["description"],"section_id":"10","icon":"las la-pen-nib"},{"type":"general_group","label":"Features","fields":["textarea"],"section_id":"3","icon":"las la-check-circle"},{"type":"general_group","label":"Listing Video","fields":["video"],"section_id":"4","icon":"las la-file-video"},{"type":"general_group","label":"Location","fields":["map"],"section_id":"5","icon":"las la-map-marked-alt"},{"type":"section","label":"Review","fields":[],"section_id":"8","icon":"las la-star-half-alt","custom_block_id":"","custom_block_classes":"","widget_group":"other_widgets","widget_name":"review"},{"type":"section","label":"Related Listings","fields":[],"section_id":"11","icon":"lab la-hubspot","custom_block_id":"","custom_block_classes":"","widget_group":"other_widgets","widget_name":"related_listings"}]},"enable_single_listing_page":"0","single_listing_page":"","single_listings_shortcodes":[null],"search_form_fields":{"fields":{"title":{"required":false,"label":"What are you looking for?","placeholder":"","widget_name":"title","widget_group":"available_widgets","original_widget_key":"title","widget_key":"title"},"review":{"label":"Review","widget_group":"other_widgets","widget_name":"review","widget_key":"review"},"radius_search":{"label":"Radius Search","default_radius_distance":"0","radius_search_unit":"miles","radius_search_based_on":"address","widget_group":"other_widgets","widget_name":"radius_search","widget_key":"radius_search","max_radius_distance":1000}},"groups":[{"label":"Basic","lock":"1","draggable":"","fields":["title"],"type":"general_group"},{"label":"Advanced","lock":"1","draggable":"","fields":["review","radius_search"],"type":"general_group"}]},"single_listing_header":[{"type":"placeholder_group","placeholderKey":"quick-widgets-placeholder","placeholders":[{"type":"placeholder_group","placeholderKey":"quick-info-placeholder","selectedWidgets":[{"type":"button","label":"Back","widget_name":"back","widget_key":"back"}]},{"type":"placeholder_group","placeholderKey":"quick-action-placeholder","selectedWidgets":[{"type":"badge","label":"Share","widget_name":"share","widget_key":"share","share_icon":"las la-share"},{"type":"button","label":"Bookmark","widget_name":"bookmark","widget_key":"bookmark"},{"type":"badge","label":"Report","widget_name":"report","widget_key":"report","report_icon":"las la-flag"}]}]},{"type":"placeholder_item","placeholderKey":"listing-title-placeholder","selectedWidgets":[{"type":"title","label":"Listing Title","widget_name":"title","widget_key":"title","enable_tagline":"1"}]},{"type":"placeholder_item","placeholderKey":"more-widgets-placeholder","selectedWidgets":[{"type":"badge","label":"Badges","widget_name":"badges","widget_key":"badges","new_badge":"1","popular_badge":"1","featured_badge":"1"},{"type":"badge","label":"Pricing","widget_name":"price","widget_key":"price"},{"type":"ratings-count","label":"Rating","widget_name":"ratings_count","widget_key":"ratings_count"},{"type":"badge","label":"Category","widget_name":"category","widget_key":"category"}]},{"type":"placeholder_item","placeholderKey":"slider-placeholder","selectedWidgets":[{"type":"thumbnail","label":"Listing Image/Slider","widget_name":"slider","widget_key":"slider","footer_thumbnail":"1"}]}],"listings_card_grid_view":{"thumbnail":{"top_right":[{"type":"icon","label":"Favorite","hook":"atbdp_favorite_badge","widget_name":"favorite_badge","widget_key":"favorite_badge"}],"top_left":[{"type":"badge","label":"Featured","hook":"atbdp_featured_badge","widget_name":"featured_badge","widget_key":"featured_badge"}],"bottom_right":[],"bottom_left":[{"type":"badge","label":"Popular","hook":"atbdp_popular_badge","widget_name":"popular_badge","widget_key":"popular_badge"},{"type":"badge","label":"New","hook":"atbdp_new_badge","widget_name":"new_badge","widget_key":"new_badge"}],"avatar":[{"type":"avatar","label":"User Avatar","hook":"atbdp_user_avatar","can_move":"","widget_name":"user_avatar","widget_key":"user_avatar","align":"right"}]},"body":{"top":[{"type":"title","label":"Title","hook":"atbdp_listing_title","widget_name":"listing_title","widget_key":"listing_title","show_tagline":""},{"type":"rating","label":"Rating","hook":"atbdp_listings_rating","widget_name":"rating","widget_key":"rating"},{"type":"price","label":"Pricing","hook":"atbdp_single_listings_price","widget_name":"pricing","widget_key":"pricing"}],"bottom":[{"type":"list-item","label":"Location","hook":"atbdp_listings_location","widget_name":"listings_location","widget_key":"listings_location","icon":"la la-map-marker"},{"type":"list-item","label":"Phone","hook":"atbdp_listings_phone","widget_name":"phone","widget_key":"phone","icon":"la la-phone"},{"type":"list-item","label":"Posted Date","hook":"atbdp_listings_posted_date","widget_name":"posted_date","widget_key":"posted_date","icon":"la la-clock-o","date_type":"post_date"}],"excerpt":[]},"footer":{"right":[{"type":"view-count","label":"View Count","hook":"atbdp_view_count","widget_name":"view_count","widget_key":"view_count","icon":"las la-eye"}],"left":[{"type":"category","label":"Category","hook":"atbdp_category","widget_name":"category","widget_key":"category","icon":"fa fa-folder"}]},"active_template":"grid_view_with_thumbnail","template_data":{"grid_view_with_thumbnail":{"thumbnail":{"top_right":[{"type":"icon","label":"Favorite","hook":"atbdp_favorite_badge","widget_name":"favorite_badge","widget_key":"favorite_badge"}],"top_left":[{"type":"badge","label":"Popular","hook":"atbdp_popular_badge","widget_name":"popular_badge","widget_key":"popular_badge"},{"type":"badge","label":"Featured","hook":"atbdp_featured_badge","widget_name":"featured_badge","widget_key":"featured_badge"},{"type":"badge","label":"New","hook":"atbdp_new_badge","widget_name":"new_badge","widget_key":"new_badge"}],"bottom_right":[],"bottom_left":[],"avatar":[]},"body":{"top":[{"type":"title","label":"Title","hook":"atbdp_listing_title","widget_name":"listing_title","widget_key":"listing_title","original_widget_key":"title","show_tagline":""},{"type":"price","label":"Pricing","hook":"atbdp_single_listings_price","widget_name":"pricing","widget_key":"pricing","original_widget_key":"pricing"},{"type":"rating","label":"Rating","hook":"atbdp_listings_rating","widget_name":"rating","widget_key":"rating"}],"bottom":[{"type":"list-item","label":"Address","hook":"atbdp_listings_map_address","widget_name":"address","widget_key":"address","original_widget_key":"address","icon":"la la-map-marker","show_label":""},{"type":"list-item","label":"Phone","hook":"atbdp_listings_phone","widget_name":"phone","widget_key":"phone","original_widget_key":"phone","icon":"la la-phone","show_label":""},{"type":"list-item","label":"Posted Date","hook":"atbdp_listings_posted_date","widget_name":"posted_date","widget_key":"posted_date","icon":"la la-clock-o","date_type":"post_date"}],"excerpt":[]},"footer":{"right":[{"type":"view-count","label":"View Count","hook":"atbdp_view_count","widget_name":"view_count","widget_key":"view_count","icon":"las la-eye"}],"left":[{"type":"category","label":"Category","hook":"atbdp_category","widget_name":"category","widget_key":"category","original_widget_key":"category","icon":"fa fa-folder"}]}},"grid_view_without_thumbnail":{"body":{"avatar":[],"title":[{"type":"title","label":"Title","hook":"atbdp_listing_title","widget_name":"listing_title","widget_key":"listing_title","show_tagline":""}],"quick_actions":[{"type":"icon","label":"Favorite","hook":"atbdp_favorite_badge","widget_name":"favorite_badge","widget_key":"favorite_badge"}],"quick_info":[{"type":"price","label":"Listings Price","hook":"atbdp_single_listings_price","widget_name":"pricing","widget_key":"pricing","original_widget_key":"pricing"},{"type":"rating","label":"Rating","hook":"atbdp_listings_rating","widget_name":"rating","widget_key":"rating"}],"bottom":[{"type":"list-item","label":"Location","hook":"atbdp_listings_location","widget_name":"listings_location","widget_key":"listings_location","icon":"la la-map-marker","show_label":""},{"type":"list-item","label":"Phone","hook":"atbdp_listings_phone","widget_name":"phone","widget_key":"phone","original_widget_key":"phone","icon":"la la-phone","show_label":""},{"type":"list-item","label":"Email","hook":"atbdp_listings_email","widget_name":"email","widget_key":"email","original_widget_key":"email","icon":"la la-envelope","show_label":""}],"excerpt":[]},"footer":{"right":[],"left":[{"type":"category","label":"Category","hook":"atbdp_category","widget_name":"category","widget_key":"category","original_widget_key":"category","icon":"fa fa-folder"}]}}}},"listings_card_list_view":{"thumbnail":{"top_right":[{"type":"badge","label":"Popular","hook":"atbdp_popular_badge","widget_name":"popular_badge","widget_key":"popular_badge"},{"type":"badge","label":"New","hook":"atbdp_new_badge","widget_name":"new_badge","widget_key":"new_badge"}]},"body":{"top":[{"type":"title","label":"Title","hook":"atbdp_listing_title","widget_name":"listing_title","widget_key":"listing_title","show_tagline":""},{"type":"rating","label":"Rating","hook":"atbdp_listings_rating","widget_name":"rating","widget_key":"rating"},{"type":"price","label":"Pricing","hook":"atbdp_single_listings_price","widget_name":"pricing","widget_key":"pricing"},{"type":"badge","label":"Featured","hook":"atbdp_featured_badge","widget_name":"featured_badge","widget_key":"featured_badge"}],"right":[{"type":"icon","label":"Favorite","hook":"atbdp_favorite_badge","widget_name":"favorite_badge","widget_key":"favorite_badge"}],"bottom":[{"type":"list-item","label":"Location","hook":"atbdp_listings_location","widget_name":"listings_location","widget_key":"listings_location","icon":"la la-map-marker"},{"type":"list-item","label":"Phone","hook":"atbdp_listings_phone","widget_name":"phone","widget_key":"phone","icon":"la la-phone"},{"type":"list-item","label":"Posted Date","hook":"atbdp_listings_posted_date","widget_name":"posted_date","widget_key":"posted_date","icon":"la la-clock-o","date_type":"post_date"}],"excerpt":[]},"footer":{"right":[{"type":"view-count","label":"View Count","hook":"atbdp_view_count","widget_name":"view_count","widget_key":"view_count","icon":"las la-eye"},{"type":"avatar","label":"User Avatar","hook":"atbdp_user_avatar","can_move":"1","widget_name":"user_avatar","widget_key":"user_avatar"}],"left":[{"type":"category","label":"Category","hook":"atbdp_category","widget_name":"category","widget_key":"category","icon":"fa fa-folder"}]},"active_template":"list_view_with_thumbnail","template_data":{"list_view_with_thumbnail":{"thumbnail":{"top_right":[{"type":"badge","label":"Featured","hook":"atbdp_featured_badge","widget_name":"featured_badge","widget_key":"featured_badge"},{"type":"badge","label":"Popular","hook":"atbdp_popular_badge","widget_name":"popular_badge","widget_key":"popular_badge"},{"type":"badge","label":"New","hook":"atbdp_new_badge","widget_name":"new_badge","widget_key":"new_badge"}]},"body":{"top":[{"type":"title","label":"Title","hook":"atbdp_listing_title","widget_name":"listing_title","widget_key":"listing_title","show_tagline":""},{"type":"rating","label":"Rating","hook":"atbdp_listings_rating","widget_name":"rating","widget_key":"rating"},{"type":"price","label":"Pricing","hook":"atbdp_single_listings_price","widget_name":"pricing","widget_key":"pricing","original_widget_key":"pricing"}],"right":[{"type":"icon","label":"Favorite","hook":"atbdp_favorite_badge","widget_name":"favorite_badge","widget_key":"favorite_badge"}],"bottom":[{"type":"list-item","label":"Location","hook":"atbdp_listings_location","widget_name":"listings_location","widget_key":"listings_location","icon":"la la-map-marker","show_label":""},{"type":"list-item","label":"Phone","hook":"atbdp_listings_phone","widget_name":"phone","widget_key":"phone","original_widget_key":"phone","icon":"la la-phone","show_label":""},{"type":"list-item","label":"Posted Date","hook":"atbdp_listings_posted_date","widget_name":"posted_date","widget_key":"posted_date","icon":"la la-clock-o","date_type":"post_date"}],"excerpt":[]},"footer":{"right":[{"type":"category","label":"Category","hook":"atbdp_category","widget_name":"category","widget_key":"category","original_widget_key":"category","icon":"fa fa-folder"}],"left":[]}},"list_view_without_thumbnail":{"body":{"top":[{"type":"title","label":"Title","hook":"atbdp_listing_title","widget_name":"listing_title","widget_key":"listing_title","show_tagline":""},{"type":"rating","label":"Rating","hook":"atbdp_listings_rating","widget_name":"rating","widget_key":"rating"},{"type":"price","label":"Pricing","hook":"atbdp_single_listings_price","widget_name":"pricing","widget_key":"pricing","original_widget_key":"pricing"},{"type":"badge","label":"Featured","hook":"atbdp_featured_badge","widget_name":"featured_badge","widget_key":"featured_badge"},{"type":"badge","label":"New","hook":"atbdp_new_badge","widget_name":"new_badge","widget_key":"new_badge"},{"type":"badge","label":"Popular","hook":"atbdp_popular_badge","widget_name":"popular_badge","widget_key":"popular_badge"}],"right":[{"type":"icon","label":"Favorite","hook":"atbdp_favorite_badge","widget_name":"favorite_badge","widget_key":"favorite_badge"}],"bottom":[{"type":"list-item","label":"Location","hook":"atbdp_listings_location","widget_name":"listings_location","widget_key":"listings_location","icon":"la la-map-marker","show_label":""},{"type":"list-item","label":"Phone","hook":"atbdp_listings_phone","widget_name":"phone","widget_key":"phone","original_widget_key":"phone","icon":"la la-phone","show_label":""},{"type":"list-item","label":"Email","hook":"atbdp_listings_email","widget_name":"email","widget_key":"email","original_widget_key":"email","icon":"la la-envelope","show_label":""},{"type":"list-item","label":"Posted Date","hook":"atbdp_listings_posted_date","widget_name":"posted_date","widget_key":"posted_date","icon":"las la-clock","date_type":"post_date"}],"excerpt":[]},"footer":{"right":[{"type":"view-count","label":"View Count","hook":"atbdp_view_count","widget_name":"view_count","widget_key":"view_count","icon":"las la-eye"},{"type":"avatar","label":"User Avatar","hook":"atbdp_user_avatar","can_move":"","widget_name":"user_avatar","widget_key":"user_avatar"}],"left":[{"type":"category","label":"Category","hook":"atbdp_category","widget_name":"category","widget_key":"category","original_widget_key":"category","icon":"fa fa-folder"}]}}}},"enable_review":"1","enable_owner_review":"1","guest_review":"0","approve_immediately":"1","review_enable_reply":"0","review_num":"5","script_debugging":"0","import_settings":[null],"export_settings":[null],"single_listing_slug_with_directory_type":"0","restore_default_settings":[null],"enable_multi_directory":"0","regenerate_pages":[null],"listing_import_button":[null],"listing_export_button":[null],"email_note":[null],"marker_clustering":"1","country_restriction":"0","use_def_lat_long":"0","restricted_countries":"","submission_confirmation":"1","pending_confirmation_msg":"Thank you for your submission. Your listing is being reviewed and it may take up to 24 hours to complete the review.","publish_confirmation_msg":"Congratulations! Your listing has been approved/published. Now it is publicly available."}